Roll Number,Total Marks
116148,1218
116149,1164
116150,1193
116151,1226
116152,1224
116153,1230
116154,1198
116155,1200
116156,1205
116157,1221
116158,1229
116159,1234
116160,1223
116161,1160
116162,1157
116163,1187
116164,1173
116165,1228
116166,1124
116167,1073
116168,1130
116169,1158
116170,1197
116171,1127
116172,1141
116173,1132
116174,1089
116175,1126
116176,1067
116177,1098
116178,1099
116179,1070
116180,1028
116181,1019
116182,1048
116183,1076
116184,1105
116185,1090
116186,0
116187,1044
116188,1071
116189,1115
116190,996
116191,1161
116192,1039
116193,1019
116194,969
116195,914
116196,1004
116197,1119
116198,1002
116199,1045
116200,1036
116201,987
116202,1188
116203,1183
116204,1143
116205,1225
116206,1126
116207,1158
116208,1157
116209,1127
116210,1211
116211,1121
116212,1154
116213,1111
116214,1154
116215,1114
116216,1250
116217,1240
116218,981
116219,1134
116220,1156
116221,1183
116222,1189
116223,1231
116224,1186
116225,1032
116226,1077
116227,1234
116228,1060
116229,1090
116230,1127
116231,1188
116232,1090
116233,1144
116234,1186
116235,1177
116236,1200
116237,1138
116238,1193
116239,1203
116240,1153
116241,1112
116242,1098
116243,1121
116244,1160
116245,1164
116246,1079
116247,1161
116248,1150
116249,1080
116250,1057
116251,1117
116252,1110
116253,1097
116254,986
116255,1106
116256,1092
116257,1104
116258,1148
116259,1133
116260,984
116261,891
116262,1013
116263,1059
116264,1143
116265,1074
116266,1092
116267,1128
116268,1067
116269,1099
116270,1053
116271,1024
116272,1177
116273,1043
116274,1089
116275,1081
116276,1158
116277,859
116278,0
116279,996
116280,1107
116281,1089
116282,1126
116283,1182
116284,1210
116285,1094
116286,1185
116287,1172
116288,1128
116289,1123
116290,1085
116291,1082
116292,1038
116293,1089
116294,946
116295,1101
116296,1093
116297,1119
116298,995
116299,1067
116300,1224
116301,1044
116302,1130
116303,1074
116304,1088
116305,1100
116306,1051
116307,998
116308,965
116309,862
116310,998
116311,1187
116312,991
116313,1048
116314,0
116315,1032
116316,969
116317,1145
116318,1083
116319,955
116320,0
116321,1083
116322,954
116323,883
116324,0
116325,972
116326,937
116327,0
116328,1176
116329,1103
116330,980
116331,1201
116332,1034
116333,913
116334,1126
116335,1134
116336,1197
116337,1020
116338,1041
116339,1125
116340,1187
116341,991
116342,1089
116343,902
116344,1069
116345,1069
116346,1108
116347,1153
116348,1240
116349,950
116350,1064
116351,1057
116352,1085
116353,995
116354,909
116355,848
116356,1040
116357,1040
116358,1043
116359,959
116360,1114
116361,1026
116362,1160
116363,1007
116364,1042
116365,964
116366,1075
116367,1117
116368,1156
116369,900
116370,970
116371,1151
116372,930
116373,1033
116374,978
116375,1063
116376,983
116377,1070
116378,1133
116379,1001
116380,1139
116381,883
116382,898
116383,955
116384,888
116385,1000
116386,1202
116387,1096
116388,1120
116389,1053
116390,947
116391,985
116392,813
116393,1048
116394,1135
116395,976
116396,912
116397,906
116398,910
116399,873
116400,0
116401,1093
116402,1027
116403,1057
116404,1004
116405,944
116406,1011
116407,1092
116408,959
116409,908
116410,1087
116411,835
116412,1152
116413,1094
116414,865
116415,1153
116416,1051
116417,1006
116418,1031
116419,963
116420,977
116421,972
116422,1082
116423,1018
116424,1061
116425,1060
116426,1142
116427,912
116428,778
116429,845
116430,0
116431,1070
116432,1011
116433,0
116434,1025
116435,956
116436,0
116437,1018
116438,923
116439,1089
116440,777
116441,903
116442,969
116443,1086
116444,833
116445,929
116446,1010
116447,1104
116448,1133
116449,1077
116450,1075
116451,801
116452,877
116453,1092
116454,1106
116455,1201
116456,1136
116457,1191
116458,1106
116459,1037
116460,1113
116461,1187
116462,1178
116463,1038
116464,1148
116465,903
116466,1094
116467,1119
116468,1178
116469,1165
116470,1230
116471,956
116472,0
116473,954
116474,1183
116475,1105
116476,1073
116477,1186
116478,1150
116479,1049
116480,987
116481,1196
116482,1094
116483,1197
116484,1149
116485,1161
116486,1236
116487,1152
116488,1041
116489,1191
116490,1003
116491,1074
116492,1148
116493,1082
116494,1087
116495,988
116496,993
116497,1023
116498,918
116499,1085
116500,1078
116501,1136
116502,956
116503,1088
116504,991
116505,1012
116506,1045
116507,1077
116508,1122
116509,1113
116510,935
116511,1031
116512,916
116513,994
116514,854
116515,1078
116516,959
116517,957
116518,1028
116519,1062
116520,1044
116521,771
116522,801
116523,1001
116524,969
116525,950
116526,961
116527,906
116528,927
116529,895
116530,980
116531,1196
116532,949
116533,851
116534,990
116535,1119
116536,0
116537,867
116538,1098
116539,843
116540,0
116541,1007
116542,953
116543,949
116544,1049
116545,876
116546,873
116547,1104
116548,863
116549,961
116550,999
116551,993
116552,794
116553,852
116554,0
116555,1189
116556,1162
116557,1163
116558,1152
116559,1168
116560,936
116561,1038
116562,943
116563,894
116564,847
116565,894
116566,971
116567,887
116568,1149
116569,1066
116570,1032
116571,887
116572,871
116573,771
116574,830
116575,777
116576,834
116577,1189
116578,1112
116579,1102
116580,1042
116581,984
116582,1019
116583,1097
116584,981
116585,913
116586,953
116587,1061
116588,964
116589,945
116590,997
116591,922
116592,995
116593,928
116594,897
116595,1043
116596,952
116597,925
116598,1170
116599,940
116600,1061
116601,1045
116602,1062
116603,915
116604,909
116605,929
116606,805
116607,763
116608,875
116609,874
116610,880
116611,1100
116612,1008
116613,1083
116614,1054
116615,1060
116616,1042
116617,1041
116618,914
116619,1101
116620,860
116621,1153
116622,850
116623,944
116624,752
116625,776
116626,943
116627,865
116628,903
116629,779
116630,996
116631,0
116632,999
116633,868
116634,833
116635,0
116636,923
116637,0
116638,782
116639,787
116640,890
116641,844
116642,813
116643,826
116644,805
116645,819
116646,933
116647,733
116648,0
116649,925
116650,977
116651,905
116652,1167
116653,1125
116654,1095
116655,1043
116656,1116
116657,1041
116658,977
116659,889
116660,1096
116661,957
116662,1028
116663,824
116664,890
116665,965
116666,834
116667,877
116668,900
116669,942
116670,910
116671,942
116672,961
116673,949
116674,785
116675,868
116676,953
116677,0
116678,985
116679,930
116680,962
116681,889
116682,976
116683,933
116684,775
116685,813
116686,827
116687,935
116688,886
116689,985
116690,0
116691,997
116692,806
116693,804
116694,961
116695,1008
116696,0
116697,918
116698,819
116699,956
116700,943
116701,907
116702,829
116703,973
116704,813
116705,0
116706,904
116707,830
116708,0
116709,844
116710,1001
116711,946
116712,927
116713,1008
116714,1146
116715,845
116716,894
116717,1103
116718,936
116719,1001
116720,838
116721,977
116722,765
116723,811
116724,870
116725,1078
116726,868
116727,1015
116728,931
116729,917
116730,1092
116731,930
116732,980
116733,884
116734,795
116735,774
116736,843
116737,747
116738,914
116739,948
116740,933
116741,963
116742,989
116743,932
116744,980
116745,1038
116746,1018
116747,926
116748,962
116749,774
116750,933
116751,914
116752,1164
116753,1215
116754,1221
116755,1236
116756,1233
116757,1128
116758,1026
116759,1168
116760,1207
116761,1204
116762,1081
116763,1149
116764,1054
116765,1121
116766,1150
116767,1003
116768,997
116769,934
116770,939
116771,1109
116772,1119
116773,1124
116774,1181
116775,1079
116776,1096
116777,1096
116778,1126
116779,1091
116780,1095
116781,1038
116782,1062
116783,1060
116784,1037
116785,1096
116786,1125
116787,1070
116788,936
116789,1000
116790,906
116791,1016
116792,1078
116793,1049
116794,985
116795,1071
116796,1032
116797,994
116798,1035
116799,984
116800,917
116801,1043
116802,951
116803,1006
116804,926
116805,1011
116806,996
116807,870
116808,947
116809,907
116810,959
116811,957
116812,1007
116813,967
116814,1003
116815,847
116816,938
116817,1205
116818,1139
116819,1074
116820,1181
116821,1111
116822,1123
116823,1151
116824,1131
116825,1159
116826,1179
116827,1146
116828,962
116829,1155
116830,1031
116831,1065
116832,1062
116833,1168
116834,1082
116835,1122
116836,1151
116837,936
116838,891
116839,1082
116840,1126
116841,1035
116842,1083
116843,1052
116844,1006
116845,898
116846,993
116847,1025
116848,1038
116849,886
116850,1031
116851,939
116852,1021
116853,958
116854,1028
116855,1064
116856,1086
116857,1072
116858,973
116859,1073
116860,970
116861,931
116862,1029
116863,1120
116864,1057
116865,958
116866,1035
116867,1020
116868,958
116869,1007
116870,966
116871,901
116872,808
116873,1164
116874,1091
116875,841
116876,1069
116877,1037
116878,1013
116879,975
116880,1012
116881,982
116882,885
116883,785
116884,702
116885,889
116886,763
116887,871
116888,833
116889,868
116890,817
116891,1054
116892,928
116893,806
116894,879
116895,0
116896,786
116897,807
116898,939
116899,846
116900,825
116901,870
116902,998
116903,911
116904,1060
116905,1018
116906,1189
116907,1032
116908,1028
116909,1206
116910,1057
116911,1135
116912,1147
116913,1117
116914,1077
116915,1032
116916,1125
116917,973
116918,1024
116919,996
116920,849
116921,991
116922,968
116923,1031
116924,998
116925,1035
116926,1042
116927,976
116928,1042
116929,1001
116930,948
116931,942
116932,835
116933,967
116934,856
116935,937
116936,909
116937,884
116938,930
116939,1032
116940,964
116941,0
116942,1234
116943,869
116944,853
116945,0
116946,1161
116947,861
116948,0
116949,892
116950,1053
116951,1025
116952,977
116953,1019
116954,929
116955,874
116956,995
116957,823
116958,972
116959,1224
116960,1102
116961,1095
116962,1055
116963,814
116964,995
116965,1092
116966,794
116967,794
116968,919
116969,1076
116970,1200
116971,1074
116972,1210
116973,1095
116974,1122
116975,1086
116976,1152
116977,1083
116978,1118
116979,1063
116980,1054
116981,1100
116982,975
116983,826
116984,1057
116985,1087
116986,961
116987,1065
116988,915
116989,967
116990,989
116991,1034
116992,1084
116993,1115
116994,952
116995,1036
116996,980
116997,1077
116998,906
116999,1013
117000,1019
117001,905
117002,984
117003,1035
117004,1071
117005,1007
117006,989
117007,922
117008,893
117009,863
117010,1072
117011,978
117012,977
117013,928
117014,928
117015,967
117016,1177
117017,848
117018,909
117019,964
117020,1092
117021,1008
117022,1045
117023,1170
117024,1120
117025,1062
117026,0
117027,1043
117028,1008
117029,1006
117030,960
117031,0
117032,1031
117033,1048
117034,981
117035,1008
117036,1082
117037,979
117038,1015
117039,773
117040,906
117041,1072
117042,1084
117043,758
117044,1017
117045,1020
117046,920
117047,1074
117048,1007
117049,1022
117050,1005
117051,1109
117052,859
117053,0
117054,794
117055,872
117056,986
117057,884
117058,843
117059,834
117060,0
117061,1214
117062,1105
117063,1130
117064,1091
117065,1101
117066,1162
117067,1121
117068,1134
117069,1188
117070,1098
117071,1138
117072,1039
117073,1152
117074,1195
117075,1248
117076,1200
117077,1185
117078,1155
117079,1166
117080,1150
117081,1176
117082,1175
117083,1148
117084,1125
117085,0
117086,1175
117087,1190
117088,1115
117089,1197
117090,1086
117091,1155
117092,1166
117093,1227
117094,1082
117095,0
117096,0
117097,797
117098,0
117099,0
117100,0
117101,0
117102,839
117103,827
117104,763
117105,0
117106,0
117107,0
117108,0
117109,0
117110,0
117111,0
117112,0
117113,917
117114,807
117115,0
117116,0
117117,918
117118,891
117119,0
117120,0
117121,0
117122,0
117123,1131
117124,1185
117125,1172
117126,1188
117127,1101
117128,1159
117129,1068
117130,1132
117131,1147
117132,1169
117133,1145
117134,967
117135,1155
117136,1123
117137,1148
117138,1132
117139,1141
117140,1127
117141,1009
117142,1099
117143,1017
117144,1008
117145,1058
117146,1088
117147,1056
117148,1115
117149,1089
117150,1156
117151,1054
117152,1066
117153,1153
117154,1140
117155,1236
117156,1247
117157,1196
117158,1144
117159,1170
117160,1186
117161,1142
117162,1179
117163,1224
117164,1182
117165,1196
117166,1015
117167,1230
117168,1174
117169,1133
117170,1101
117171,1151
117172,1121
117173,1051
117174,1033
117175,1160
117176,964
117177,1027
117178,1168
117179,1097
117180,1110
117181,1205
117182,1164
117183,1166
117184,1127
117185,1210
117186,1077
117187,1194
117188,1233
117189,1217
117190,1226
117191,1253
117192,1250
117193,1143
117194,1221
117195,1132
117196,1199
117197,1144
117198,992
117199,1174
117200,1162
117201,1128
117202,1220
117203,1191
117204,1208
117205,1196
117206,1165
117207,1233
117208,1136
117209,1066
117210,1189
117211,1194
117212,1198
117213,1128
117214,1203
117215,1147
117216,1129
117217,1187
117218,1214
117219,1243
117220,1227
117221,1142
117222,1050
117223,1233
117224,1229
117225,1169
117226,1223
117227,1244
117228,1147
117229,1159
117230,1140
117231,1104
117232,1103
117233,1175
117234,1234
117235,1156
117236,1159
117237,1238
117238,1175
117239,1076
117240,1151
117241,1113
117242,1164
117243,1062
117244,1153
117245,1184
117246,1188
117247,1219
117248,1196
117249,1167
117250,1183
117251,1173
117252,1163
117253,1144
117254,1128
117255,985
117256,1178
117257,1232
117258,1247
117259,1259
117260,1210
117261,1190
117262,1147
117263,1196
117264,1157
117265,970
117266,0
117267,1157
117268,1192
117269,1253
117270,1183
117271,1099
117272,1146
117273,1203
117274,1186
117275,1064
117276,1262
117277,1245
117278,1210
117279,1201
117280,1225
117281,1200
117282,1217
117283,1150
117284,1158
117285,1158
117286,1134
117287,1210
117288,1166
117289,1204
117290,1163
117291,1228
117292,1240
117293,1154
117294,1145
117295,1183
117296,1178
117297,1164
117298,1189
117299,1128
117300,1199
117301,1219
117302,1226
117303,1143
117304,1175
117305,1143
117306,1012
117307,1211
117308,1241
117309,1220
117310,1228
117311,1247
117312,1182
117313,1238
117314,1258
117315,1151
117316,1148
117317,1138
117318,1158
117319,1164
117320,1161
117321,1182
117322,1223
117323,1176
117324,1156
117325,1111
117326,1192
117327,1190
117328,1219
117329,1161
117330,1164
117331,1212
117332,1209
117333,1176
117334,1102
117335,1127
117336,1178
117337,1221
117338,1235
117339,1087
117340,1193
117341,1228
117342,1153
117343,1210
117344,1165
117345,1207
117346,1162
117347,993
117348,847
117349,1111
117350,1085
117351,1183
117352,958
117353,1143
117354,1107
117355,1190
117356,1157
117357,1097
117358,1142
117359,1101
117360,1031
117361,971
117362,1022
117363,965
117364,1210
117365,1208
117366,1175
117367,1115
117368,1183
117369,1166
117370,1153
117371,1100
117372,1196
117373,1202
117374,1085
117375,1094
117376,906
117377,903
117378,846
117379,0
117380,1165
117381,1136
117382,1118
117383,1110
117384,935
117385,881
117386,974
117387,959
117388,885
117389,932
117390,850
117391,853
117392,0
117393,888
117394,798
117395,743
117396,0
117397,1002
117398,0
117399,919
117400,1000
117401,827
117402,818
117403,934
117404,948
117405,0
117406,957
117407,916
117408,0
117409,994
117410,909
117411,831
117412,936
117413,891
117414,763
117415,859
117416,948
117417,974
117418,1080
117419,862
117420,861
117421,1032
117422,947
117423,1145
117424,1168
117425,1181
117426,1110
117427,1108
117428,1126
117429,1131
117430,1105
117431,1110
117432,1061
117433,1163
117434,1122
117435,1021
117436,1113
117437,986
117438,1056
117439,1022
117440,1074
117441,1125
117442,1070
117443,998
117444,972
117445,1039
117446,1075
117447,1019
117448,969
117449,926
117450,968
117451,958
117452,854
117453,1054
117454,1039
117455,1028
117456,918
117457,885
117458,841
117459,0
117460,765
117461,805
117462,869
117463,883
117464,0
117465,1058
117466,1094
117467,1090
117468,841
117469,1035
117470,1085
117471,873
117472,946
117473,975
117474,1151
117475,1163
117476,971
117477,798
117478,1005
117479,1127
117480,1079
117481,1153
117482,1028
117483,1166
117484,1198
117485,1202
117486,1115
117487,1230
117488,1133
117489,1105
117490,1164
117491,1204
117492,0
117493,1032
117494,1073
117495,1127
117496,1108
117497,1161
117498,1204
117499,934
117500,1125
117501,1089
117502,1064
117503,855
117504,910
117505,943
117506,1137
117507,1054
117508,766
117509,881
117510,1108
117511,966
117512,907
117513,870
117514,917
117515,944
117516,931
117517,880
117518,897
117519,1144
117520,979
117521,970
117522,978
117523,1127
117524,960
117525,976
117526,898
117527,900
117528,884
117529,794
117530,1031
117531,1141
117532,1100
117533,1144
117534,1182
117535,1121
117536,1144
117537,957
117538,1065
117539,1107
117540,1032
117541,1034
117542,1074
117543,923
117544,931
117545,906
117546,944
117547,849
117548,841
117549,1127
117550,843
117551,1066
117552,1123
117553,1002
117554,1112
117555,1053
117556,927
117557,921
117558,910
117559,789
117560,952
117561,984
117562,933
117563,1062
117564,1078
117565,961
117566,1064
117567,1088
117568,958
117569,961
117570,1050
117571,988
117572,1018
117573,833
117574,1138
117575,925
117576,863
117577,1049
117578,987
117579,1155
117580,1090
117581,1070
117582,1129
117583,1123
117584,1092
117585,1129
117586,1078
117587,990
117588,1010
117589,1080
117590,1109
117591,1035
117592,1003
117593,908
117594,960
117595,986
117596,949
117597,935
117598,958
117599,0
117600,963
117601,949
117602,983
117603,1019
117604,908
117605,877
117606,847
117607,959
117608,818
117609,848
117610,0
117611,998
117612,1037
117613,950
117614,930
117615,870
117616,846
117617,828
117618,952
117619,994
117620,1156
117621,1042
117622,932
117623,780
117624,794
117625,757
117626,930
117627,861
117628,894
117629,805
117630,896
117631,786
117632,681
117633,829
117634,1031
117635,987
117636,948
117637,867
117638,911
117639,934
117640,935
117641,867
117642,0
117643,1054
117644,938
117645,908
117646,794
117647,909
117648,1114
117649,1090
117650,911
117651,819
117652,832
117653,768
117654,1173
117655,958
117656,879
117657,780
117658,1044
117659,1034
117660,1157
117661,1155
117662,1144
117663,1095
117664,1076
117665,1026
117666,974
117667,1029
117668,961
117669,880
117670,992
117671,0
117672,830
117673,692
117674,1122
117675,1124
117676,1176
117677,1126
117678,1104
117679,1109
117680,1053
117681,1071
117682,1012
117683,1080
117684,999
117685,1043
117686,1051
117687,1060
117688,1022
117689,994
117690,1023
117691,989
117692,960
117693,1006
117694,935
117695,919
117696,1101
117697,1152
117698,951
117699,1088
117700,1018
117701,1030
117702,1184
117703,1129
117704,1113
117705,1113
117706,1020
117707,1083
117708,1079
117709,1117
117710,1132
117711,1160
117712,1030
117713,1081
117714,1070
117715,1081
117716,1060
117717,1006
117718,1019
117719,1061
117720,1062
117721,1015
117722,1055
117723,1065
117724,1173
117725,962
117726,1080
117727,1116
117728,1019
117729,1028
117730,961
117731,1037
117732,1000
117733,1015
117734,927
117735,955
117736,1044
117737,1109
117738,743
117739,1122
117740,1123
117741,1025
117742,1083
117743,1091
117744,1007
117745,1019
117746,1008
117747,1006
117748,985
117749,930
117750,1032
117751,963
117752,1039
117753,914
117754,923
117755,990
117756,1095
117757,1124
117758,1131
117759,1146
117760,1072
117761,1090
117762,986
117763,989
117764,1055
117765,992
117766,965
117767,1005
117768,1012
117769,1089
117770,967
117771,1061
117772,1103
117773,1028
117774,1160
117775,1185
117776,1029
117777,991
117778,932
117779,926
117780,952
117781,945
117782,0
117783,889
117784,1208
117785,1201
117786,1041
117787,1096
117788,1078
117789,1049
117790,1021
117791,1139
117792,1155
117793,1090
117794,1116
117795,1099
117796,1159
117797,1147
117798,1125
117799,976
117800,1020
117801,1081
117802,964
117803,1007
117804,1057
117805,1040
117806,909
117807,1067
117808,980
117809,1026
117810,999
117811,1085
117812,1022
117813,927
117814,910
117815,982
117816,1106
117817,1100
117818,1020
117819,945
117820,995
117821,1040
117822,1098
117823,1022
117824,1174
117825,1076
117826,939
117827,897
117828,913
117829,956
117830,874
117831,891
117832,942
117833,894
117834,871
117835,956
117836,948
117837,1141
117838,1076
117839,932
117840,977
117841,1015
117842,905
117843,991
117844,1027
117845,1062
117846,1024
117847,877
117848,1130
117849,1046
117850,1092
117851,1000
117852,1058
117853,972
117854,970
117855,784
117856,1069
117857,1011
117858,952
117859,995
117860,1034
117861,914
117862,1026
117863,954
117864,933
117865,985
117866,916
117867,932
117868,969
117869,903
117870,1034
117871,986
117872,963
117873,937
117874,1058
117875,1015
117876,1018
117877,996
117878,1004
117879,1063
117880,1020
117881,913
117882,848
117883,1110
117884,1016
117885,921
117886,1085
117887,982
117888,985
117889,1138
117890,952
117891,699
117892,1169
117893,1170
117894,1040
117895,802
117896,767
117897,719
117898,1011
117899,915
117900,1036
117901,956
117902,1095
117903,973
117904,986
117905,1054
117906,790
117907,809
117908,912
117909,964
117910,944
117911,1119
117912,899
117913,1040
117914,1111
117915,1135
117916,1022
117917,908
117918,768
117919,1144
117920,1096
117921,947
117922,895
117923,1061
117924,1042
117925,970
117926,927
117927,998
117928,995
117929,689
117930,950
117931,931
117932,798
117933,900
117934,770
117935,0
117936,0
117937,871
117938,756
117939,994
117940,930
117941,894
117942,1146
117943,809
117944,809
117945,887
117946,1089
117947,1171
117948,1067
117949,1156
117950,1078
117951,1112
117952,1036
117953,1056
117954,1077
117955,944
117956,838
117957,1120
117958,1091
117959,1023
117960,1070
117961,1150
117962,0
117963,962
117964,978
117965,1034
117966,971
117967,1113
117968,1047
117969,962
117970,1016
117971,1010
117972,882
117973,1060
117974,900
117975,891
117976,890
117977,885
117978,0
117979,987
117980,922
117981,915
117982,849
117983,909
117984,1027
117985,923
117986,0
117987,1073
117988,883
117989,889
117990,0
117991,814
117992,1016
117993,1030
117994,913
117995,1146
117996,859
117997,909
117998,834
117999,869
118000,803
118001,806
118002,1127
118003,979
118004,999
118005,938
118006,1017
118007,1103
118008,869
118009,888
118010,837
118011,0
118012,1047
118013,1161
118014,1025
118015,905
118016,1010
118017,833
118018,1042
118019,1063
118020,1036
118021,0
118022,929
118023,910
118024,984
118025,1021
118026,1000
118027,831
118028,966
118029,998
118030,798
118031,890
118032,751
118033,922
118034,877
118035,872
118036,847
118037,966
118038,982
118039,950
118040,890
118041,814
118042,909
118043,950
118044,937
118045,792
118046,846
118047,809
118048,873
118049,970
118050,926
118051,920
118052,0
118053,840
118054,1098
118055,1120
118056,1177
118057,1138
118058,1003
118059,990
118060,940
118061,1107
118062,833
118063,980
118064,1021
118065,928
118066,894
118067,970
118068,977
118069,837
118070,845
118071,0
118072,1071
118073,1059
118074,981
118075,1022
118076,915
118077,0
118078,829
118079,902
118080,1010
118081,994
118082,965
118083,881
118084,890
118085,941
118086,829
118087,988
118088,1007
118089,898
118090,942
118091,919
118092,909
118093,948
118094,1005
118095,1085
118096,959
118097,905
118098,984
118099,842
118100,0
118101,783
118102,1093
118103,1226
118104,1105
118105,1148
118106,1084
118107,1100
118108,1163
118109,990
118110,1022
118111,960
118112,1101
118113,1013
118114,1129
118115,1039
118116,1118
118117,1117
118118,1038
118119,999
118120,1154
118121,1026
118122,1157
118123,988
118124,1015
118125,974
118126,920
118127,934
118128,1038
118129,996
118130,954
118131,861
118132,909
118133,1080
118134,905
118135,1039
118136,896
118137,1092
118138,1163
118139,1239
118140,1153
118141,1114
118142,955
118143,948
118144,886
118145,0
118146,0
118147,1067
118148,924
118149,1006
118150,958
118151,815
118152,1017
118153,0
118154,891
118155,1178
118156,1177
118157,1121
118158,1057
118159,1163
118160,1143
118161,1126
118162,1113
118163,1079
118164,1043
118165,943
118166,862
118167,839
118168,892
118169,864
118170,917
118171,984
118172,0
118173,1087
118174,1046
118175,1222
118176,1015
118177,979
118178,1032
118179,0
118180,937
118181,1128
118182,1092
118183,961
118184,900
118185,920
118186,1168
118187,1140
118188,1188
118189,1126
118190,1126
118191,1070
118192,952
118193,1040
118194,965
118195,914
118196,1144
118197,1164
118198,1123
118199,1166
118200,1202
118201,1174
118202,1122
118203,1140
118204,1124
118205,1074
118206,1106
118207,1097
118208,1151
118209,1178
118210,1085
118211,1038
118212,1117
118213,1111
118214,1116
118215,1113
118216,1046
118217,1022
118218,1113
118219,1084
118220,1087
118221,1039
118222,1114
118223,1110
118224,1090
118225,1111
118226,1043
118227,1023
118228,1018
118229,1039
118230,1019
118231,1012
118232,997
118233,1017
118234,978
118235,1008
118236,873
118237,976
118238,911
118239,1047
118240,916
118241,964
118242,1120
118243,1081
118244,989
118245,967
118246,992
118247,1107
118248,1061
118249,1057
118250,1104
118251,1058
118252,1058
118253,1038
118254,1094
118255,1157
118256,1145
118257,1189
118258,1162
118259,1090
118260,1109
118261,1131
118262,1082
118263,1087
118264,1130
118265,1155
118266,1143
118267,1180
118268,1081
118269,965
118270,1128
118271,1121
118272,1015
118273,1113
118274,1037
118275,1031
118276,998
118277,885
118278,1079
118279,1103
118280,1159
118281,1172
118282,1074
118283,973
118284,1066
118285,974
118286,1149
118287,1067
118288,1067
118289,1085
118290,1023
118291,1022
118292,1017
118293,1098
118294,1081
118295,997
118296,982
118297,1019
118298,1070
118299,1053
118300,1040
118301,966
118302,980
118303,954
118304,1001
118305,926
118306,1020
118307,988
118308,952
118309,949
118310,907
118311,906
118312,949
118313,925
118314,960
118315,964
118316,990
118317,1050
118318,1143
118319,1131
118320,946
118321,1097
118322,911
118323,863
118324,948
118325,825
118326,819
118327,1037
118328,884
118329,1168
118330,1126
118331,1099
118332,834
118333,876
118334,1012
118335,960
118336,800
118337,1050
118338,1086
118339,1124
118340,953
118341,1120
118342,1042
118343,1168
118344,980
118345,1022
118346,914
118347,889
118348,1005
118349,0
118350,898
118351,0
118352,980
118353,1006
118354,991
118355,865
118356,969
118357,1066
118358,977
118359,1051
118360,1049
118361,967
118362,887
118363,1046
118364,1049
118365,1079
118366,868
118367,912
118368,955
118369,913
118370,774
118371,902
118372,942
118373,889
118374,902
118375,955
118376,868
118377,836
118378,912
118379,999
118380,819
118381,1060
118382,1062
118383,1078
118384,1091
118385,1097
118386,1090
118387,1060
118388,867
118389,934
118390,988
118391,1044
118392,1124
118393,1075
118394,1096
118395,1101
118396,1040
118397,920
118398,0
118399,799
118400,893
118401,786
118402,954
118403,881
118404,1035
118405,959
118406,915
118407,1095
118408,1088
118409,920
118410,0
118411,914
118412,826
118413,0
118414,0
118415,0
118416,885
118417,1106
118418,980
118419,1172
118420,1218
118421,1143
118422,1155
118423,1047
118424,1219
118425,1141
118426,1157
118427,1194
118428,1186
118429,1146
118430,1115
118431,1113
118432,1180
118433,1116
118434,1170
118435,1064
118436,1152
118437,1162
118438,1171
118439,1151
118440,1138
118441,1054
118442,1146
118443,1061
118444,1038
118445,958
118446,1096
118447,1101
118448,1081
118449,1091
118450,1083
118451,1096
118452,1133
118453,1159
118454,1058
118455,923
118456,949
118457,1048
118458,958
118459,1046
118460,1122
118461,1155
118462,1109
118463,1099
118464,1042
118465,961
118466,1081
118467,878
118468,958
118469,929
118470,987
118471,930
118472,916
118473,0
118474,915
118475,966
118476,905
118477,1074
118478,1023
118479,1050
118480,1092
118481,1055
118482,957
118483,953
118484,945
118485,820
118486,1018
118487,958
118488,989
118489,1055
118490,911
118491,886
118492,1006
118493,821
118494,930
118495,896
118496,836
118497,961
118498,836
118499,852
118500,926
118501,834
118502,1055
118503,964
118504,893
118505,0
118506,881
118507,0
118508,1166
118509,869
118510,1155
118511,1212
118512,1074
118513,815
118514,877
118515,985
118516,947
118517,931
118518,880
118519,853
118520,888
118521,972
118522,871
118523,0
118524,764
118525,871
118526,1012
118527,1027
118528,809
118529,1108
118530,873
118531,1070
118532,1085
118533,1192
118534,1012
118535,949
118536,1009
118537,973
118538,984
118539,1000
118540,997
118541,942
118542,795
118543,996
118544,827
118545,798
118546,878
118547,762
118548,0
118549,804
118550,710
118551,1095
118552,1189
118553,1106
118554,1074
118555,976
118556,1080
118557,1030
118558,1036
118559,1080
118560,928
118561,915
118562,1096
118563,960
118564,1108
118565,853
118566,1152
118567,1158
118568,1161
118569,1146
118570,1066
118571,1043
118572,989
118573,990
118574,930
118575,1024
118576,969
118577,1014
118578,823
118579,994
118580,817
118581,852
118582,786
118583,856
118584,950
118585,1042
118586,1097
118587,1224
118588,1187
118589,1193
118590,1130
118591,1061
118592,1086
118593,1110
118594,1176
118595,1160
118596,1096
118597,1071
118598,1132
118599,1058
118600,1111
118601,1161
118602,1070
118603,1112
118604,1027
118605,1152
118606,1179
118607,1095
118608,1003
118609,1054
118610,1102
118611,957
118612,1106
118613,1074
118614,1041
118615,1108
118616,838
118617,986
118618,970
118619,887
118620,947
118621,947
118622,1025
118623,980
118624,0
118625,1001
118626,979
118627,960
118628,879
118629,1024
118630,804
118631,1018
118632,940
118633,859
118634,791
118635,787
118636,818
118637,772
118638,750
118639,904
118640,856
118641,0
118642,900
118643,1125
118644,1034
118645,1168
118646,1056
118647,0
118648,987
118649,842
118650,840
118651,803
118652,1154
118653,1023
118654,1131
118655,998
118656,958
118657,1083
118658,865
118659,917
118660,814
118661,911
118662,1080
118663,1206
118664,1141
118665,1067
118666,1140
118667,972
118668,1026
118669,1002
118670,921
118671,1098
118672,1062
118673,984
118674,980
118675,893
118676,1027
118677,1059
118678,1024
118679,1007
118680,1048
118681,1112
118682,1075
118683,1072
118684,981
118685,907
118686,988
118687,925
118688,771
118689,0
118690,918
118691,0
118692,894
118693,857
118694,1024
118695,1214
118696,1144
118697,1004
118698,1038
118699,943
118700,1013
118701,967
118702,1071
118703,966
118704,921
118705,871
118706,0
118707,853
118708,887
118709,947
118710,877
118711,804
118712,882
118713,991
118714,943
118715,830
118716,874
118717,1015
118718,958
118719,902
118720,950
118721,926
118722,879
118723,883
118724,949
118725,0
118726,911
118727,953
118728,817
118729,0
118730,899
118731,747
118732,853
118733,915
118734,908
118735,1046
118736,1108
118737,1109
118738,1071
118739,938
118740,1141
118741,1080
118742,0
118743,917
118744,1042
118745,1094
118746,972
118747,995
118748,905
118749,782
118750,873
118751,904
118752,976
118753,933
118754,871
118755,949
118756,902
118757,1018
118758,1147
118759,998
118760,977
118761,917
118762,1014
118763,1028
118764,965
118765,976
118766,860
118767,780
118768,911
118769,891
118770,1030
118771,1009
118772,756
118773,1047
118774,1036
118775,897
118776,812
118777,856
118778,922
118779,990
118780,993
118781,1028
118782,983
118783,971
118784,936
118785,983
118786,1105
118787,1060
118788,1120
118789,1056
118790,1112
118791,1086
118792,1092
118793,1080
118794,1096
118795,1052
118796,1019
118797,991
118798,1016
118799,955
118800,968
118801,845
118802,0
118803,1079
118804,1146
118805,1082
118806,905
118807,1010
118808,943
118809,994
118810,957
118811,1013
118812,1085
118813,1083
118814,1201
118815,947
118816,1119
118817,1057
118818,946
118819,1007
118820,997
118821,1103
118822,962
118823,901
118824,1003
118825,1040
118826,1135
118827,1108
118828,1086
118829,1091
118830,1088
118831,1004
118832,1051
118833,1016
118834,1017
118835,990
118836,982
118837,947
118838,918
118839,1045
118840,1147
118841,1037
118842,1095
118843,1047
118844,1100
118845,966
118846,1023
118847,1075
118848,944
118849,1177
118850,1150
118851,1152
118852,1145
118853,1083
118854,1051
118855,1131
118856,1063
118857,1043
118858,1108
118859,1171
118860,1089
118861,1136
118862,1058
118863,1062
118864,1066
118865,1066
118866,967
118867,970
118868,923
118869,872
118870,981
118871,883
118872,831
118873,992
118874,1085
118875,965
118876,939
118877,1032
118878,944
118879,1003
118880,965
118881,1116
118882,963
118883,993
118884,939
118885,923
118886,994
118887,932
118888,1101
118889,1125
118890,987
118891,1110
118892,1074
118893,1052
118894,977
118895,1036
118896,1019
118897,1016
118898,1098
118899,1075
118900,1048
118901,1064
118902,1080
118903,1094
118904,1011
118905,1065
118906,1050
118907,938
118908,867
118909,977
118910,1000
118911,911
118912,993
118913,1046
118914,1006
118915,993
118916,942
118917,855
118918,1014
118919,930
118920,954
118921,849
118922,845
118923,784
118924,1062
118925,977
118926,853
118927,766
118928,795
118929,811
118930,0
118931,855
118932,1040
118933,1164
118934,1166
118935,1110
118936,1104
118937,960
118938,1013
118939,1070
118940,1099
118941,1020
118942,1083
118943,1117
118944,1085
118945,1035
118946,1076
118947,1127
118948,1234
118949,1188
118950,1180
118951,980
118952,1072
118953,1107
118954,972
118955,1058
118956,1052
118957,1071
118958,941
118959,1000
118960,912
118961,1026
118962,964
118963,961
118964,878
118965,1042
118966,921
118967,1126
118968,1095
118969,998
118970,997
118971,990
118972,1198
118973,1092
118974,1105
118975,1148
118976,933
118977,1068
118978,1021
118979,904
118980,1017
118981,953
118982,923
118983,936
118984,1015
118985,912
118986,960
118987,973
118988,1049
118989,951
118990,0
118991,882
118992,917
118993,875
118994,854
118995,1025
118996,840
118997,866
118998,795
118999,965
119000,1112
119001,1070
119002,1083
119003,1060
119004,1033
119005,1084
119006,1073
119007,1207
119008,1126
119009,1096
119010,911
119011,1053
119012,979
119013,944
119014,857
119015,928
119016,926
119017,932
119018,954
119019,828
119020,791
119021,826
119022,920
119023,1006
119024,952
119025,975
119026,1058
119027,880
119028,826
119029,1059
119030,974
119031,917
119032,926
119033,1133
119034,869
119035,957
119036,994
119037,974
119038,903
119039,1007
119040,859
119041,921
119042,978
119043,877
119044,884
119045,866
119046,860
119047,948
119048,873
119049,775
119050,0
119051,1072
119052,933
119053,943
119054,1055
119055,1077
119056,955
119057,927
119058,855
119059,938
119060,1012
119061,1033
119062,910
119063,864
119064,1008
119065,1025
119066,1002
119067,987
119068,884
119069,1004
119070,962
119071,909
119072,893
119073,933
119074,838
119075,918
119076,0
119077,1017
119078,1050
119079,1012
119080,1100
119081,866
119082,965
119083,0
119084,1000
119085,874
119086,873
119087,753
119088,1122
119089,0
119090,1050
119091,1123
119092,1118
119093,853
119094,812
119095,844
119096,991
119097,993
119098,891
119099,909
119100,860
119101,850
119102,847
119103,1047
119104,781
119105,0
119106,883
119107,842
119108,888
119109,745
119110,763
119111,1009
119112,962
119113,1103
119114,1060
119115,814
119116,883
119117,902
119118,0
119119,0
119120,1007
119121,1013
119122,810
119123,956
119124,814
119125,928
119126,856
119127,795
119128,784
119129,864
119130,895
119131,1053
119132,990
119133,974
119134,981
119135,975
119136,991
119137,937
119138,924
119139,846
119140,0
119141,837
119142,788
119143,864
119144,895
119145,0
119146,1030
119147,0
119148,1092
119149,768
119150,1078
119151,868
119152,739
119153,881
119154,774
119155,830
119156,0
119157,813
119158,0
119159,963
119160,982
119161,1032
119162,941
119163,954
119164,882
119165,899
119166,882
119167,920
119168,1050
119169,927
119170,854
119171,973
119172,849
119173,811
119174,0
119175,0
119176,0
119177,0
119178,914
119179,1072
119180,906
119181,940
119182,846
119183,875
119184,881
119185,948
119186,0
119187,1183
119188,1157
119189,1133
119190,1009
119191,1098
119192,1098
119193,1011
119194,1056
119195,982
119196,1032
119197,948
119198,1127
119199,970
119200,1008
119201,975
119202,984
119203,1027
119204,1098
119205,1133
119206,1054
119207,1058
119208,971
119209,914
119210,933
119211,845
119212,1050
119213,1094
119214,1079
119215,1000
119216,1028
119217,997
119218,950
119219,957
119220,992
119221,983
119222,943
119223,964
119224,909
119225,1078
119226,1073
119227,1203
119228,1065
119229,1086
119230,1074
119231,1144
119232,1086
119233,1040
119234,1086
119235,981
119236,1007
119237,1040
119238,1019
119239,978
119240,907
119241,904
119242,863
119243,920
119244,875
119245,837
119246,899
119247,925
119248,793
119249,878
119250,812
119251,870
119252,886
119253,855
119254,869
119255,1052
119256,1032
119257,1075
119258,1060
119259,1070
119260,1100
119261,1070
119262,1108
119263,1064
119264,1022
119265,1028
119266,1081
119267,1018
119268,1048
119269,989
119270,947
119271,984
119272,1133
119273,1076
119274,1028
119275,911
119276,868
119277,0
119278,930
119279,1057
119280,1065
119281,1038
119282,1046
119283,1093
119284,1127
119285,1097
119286,1059
119287,1085
119288,1001
119289,907
119290,1011
119291,945
119292,1015
119293,920
119294,919
119295,1099
119296,1070
119297,1086
119298,1046
119299,1070
119300,1061
119301,999
119302,1064
119303,1090
119304,840
119305,1043
119306,1038
119307,946
119308,864
119309,981
119310,945
119311,1048
119312,987
119313,1030
119314,1058
119315,985
119316,1058
119317,923
119318,1010
119319,991
119320,896
119321,981
119322,934
119323,888
119324,1024
119325,856
119326,842
119327,906
119328,1025
119329,1147
119330,1166
119331,1032
119332,1064
119333,974
119334,1024
119335,944
119336,936
119337,1051
119338,954
119339,1034
119340,1003
119341,961
119342,955
119343,948
119344,895
119345,1049
119346,945
119347,988
119348,1009
119349,1003
119350,979
119351,882
119352,856
119353,953
119354,1075
119355,1104
119356,1043
119357,1084
119358,1057
119359,958
119360,1030
119361,1009
119362,1025
119363,944
119364,849
119365,833
119366,864
119367,744
119368,1079
119369,1093
119370,1124
119371,1109
119372,1080
119373,1061
119374,1071
119375,925
119376,1045
119377,913
119378,944
119379,1152
119380,1003
119381,1020
119382,971
119383,963
119384,931
119385,851
119386,921
119387,885
119388,810
119389,1167
119390,1147
119391,1170
119392,1149
119393,1074
119394,1082
119395,1109
119396,1040
119397,1080
119398,1022
119399,996
119400,1017
119401,1110
119402,1103
119403,1142
119404,1113
119405,964
119406,1190
119407,1112
119408,1140
119409,1127
119410,1137
119411,1160
119412,1070
119413,935
119414,918
119415,959
119416,997
119417,850
119418,930
119419,863
119420,1094
119421,971
119422,1055
119423,1068
119424,805
119425,924
119426,966
119427,997
119428,1093
119429,866
119430,1061
119431,1046
119432,1011
119433,987
119434,863
119435,846
119436,964
119437,995
119438,948
119439,961
119440,0
119441,942
119442,1037
119443,0
119444,964
119445,1069
119446,1003
119447,930
119448,883
119449,899
119450,822
119451,971
119452,921
119453,975
119454,1022
119455,1027
119456,1081
119457,954
119458,945
119459,1002
119460,1020
119461,864
119462,979
119463,909
119464,0
119465,780
119466,877
119467,893
119468,849
119469,949
119470,954
119471,1003
119472,1161
119473,1229
119474,1224
119475,1135
119476,1132
119477,1106
119478,1143
119479,1138
119480,1071
119481,1111
119482,1067
119483,1032
119484,1044
119485,1171
119486,1079
119487,975
119488,1152
119489,1109
119490,1033
119491,1097
119492,1091
119493,974
119494,1071
119495,1151
119496,1021
119497,892
119498,975
119499,930
119500,935
119501,0
119502,974
119503,932
119504,913
119505,805
119506,697
119507,1076
119508,1001
119509,1001
119510,1097
119511,941
119512,0
119513,948
119514,949
119515,921
119516,945
119517,1108
119518,1119
119519,1071
119520,988
119521,889
119522,1133
119523,811
119524,1049
119525,1025
119526,1028
119527,955
119528,0
119529,1054
119530,916
119531,968
119532,937
119533,808
119534,859
119535,931
119536,878
119537,956
119538,1156
119539,1183
119540,932
119541,1070
119542,1081
119543,1070
119544,1026
119545,1046
119546,1149
119547,1063
119548,880
119549,939
119550,865
119551,875
119552,872
119553,839
119554,924
119555,1029
119556,1052
119557,1073
119558,1095
119559,1139
119560,944
119561,1092
119562,1082
119563,0
119564,975
119565,1029
119566,1039
119567,896
119568,904
119569,890
119570,885
119571,894
119572,1150
119573,997
119574,978
119575,912
119576,920
119577,884
119578,1198
119579,1241
119580,1247
119581,1235
119582,1183
119583,1159
119584,1109
119585,1167
119586,1162
119587,1102
119588,1096
119589,1093
119590,1098
119591,1149
119592,1186
119593,1221
119594,1164
119595,1028
119596,1072
119597,1001
119598,955
119599,1021
119600,1068
119601,1001
119602,791
119603,1092
119604,1250
119605,1255
119606,1233
119607,1213
119608,1208
119609,1119
119610,1085
119611,1133
119612,1181
119613,1088
119614,1173
119615,1165
119616,1138
119617,1152
119618,1150
119619,1102
119620,911
119621,985
119622,985
119623,1038
119624,917
119625,1051
119626,948
119627,943
119628,882
119629,1033
119630,943
119631,1220
119632,1177
119633,1128
119634,1172
119635,1093
119636,1088
119637,1135
119638,1051
119639,1028
119640,1008
119641,1089
119642,1082
119643,1079
119644,1199
119645,1212
119646,1210
119647,1147
119648,1169
119649,1218
119650,1201
119651,1070
119652,1097
119653,1121
119654,1093
119655,1082
119656,1122
119657,1120
119658,976
119659,1082
119660,1029
119661,1110
119662,1047
119663,1029
119664,1015
119665,901
119666,908
119667,899
119668,945
119669,1103
119670,1025
119671,1119
119672,883
119673,1027
119674,1132
119675,1111
119676,1061
119677,1107
119678,1104
119679,884
119680,794
119681,1123
119682,963
119683,968
119684,910
119685,1062
119686,955
119687,923
119688,1004
119689,1043
119690,0
119691,855
119692,876
119693,1034
119694,964
119695,0
119696,0
119697,1027
119698,733
119699,798
119700,916
119701,0
119702,791
119703,910
119704,0
119705,992
119706,1134
119707,1015
119708,1087
119709,1012
119710,1011
119711,920
119712,880
119713,888
119714,918
119715,903
119716,945
119717,886
119718,930
119719,886
119720,904
119721,826
119722,840
119723,841
119724,0
119725,777
119726,921
119727,999
119728,0
119729,822
119730,1029
119731,957
119732,970
119733,0
119734,1065
119735,976
119736,926
119737,925
119738,903
119739,0
119740,944
119741,860
119742,846
119743,858
119744,782
119745,883
119746,1016
119747,1192
119748,1079
119749,1112
119750,1121
119751,1153
119752,1154
119753,886
119754,1034
119755,901
119756,0
119757,874
119758,0
119759,827
119760,938
119761,883
119762,0
119763,890
119764,0
119765,0
119766,832
119767,758
119768,696
119769,0
119770,0
119771,701
119772,790
119773,854
119774,0
119775,894
119776,841
119777,826
119778,833
119779,852
119780,811
119781,881
119782,874
119783,827
119784,1031
119785,828
119786,1171
119787,1144
119788,1150
119789,1061
119790,1062
119791,1149
119792,1162
119793,1039
119794,986
119795,0
119796,927
119797,1043
119798,970
119799,941
119800,893
119801,921
119802,969
119803,934
119804,1181
119805,1092
119806,1128
119807,1167
119808,1070
119809,1042
119810,1055
119811,1072
119812,1018
119813,1070
119814,982
119815,896
119816,995
119817,881
119818,0
119819,920
119820,911
119821,885
119822,812
119823,1046
119824,796
119825,1034
119826,1104
119827,807
119828,989
119829,906
119830,1108
119831,1148
119832,1185
119833,1204
119834,1196
119835,1187
119836,1006
119837,1188
119838,1221
119839,1197
119840,1198
119841,1153
119842,1182
119843,1174
119844,1195
119845,1165
119846,1181
119847,1196
119848,1160
119849,1096
119850,1056
119851,1097
119852,1006
119853,1114
119854,1054
119855,1128
119856,1119
119857,1012
119858,1121
119859,910
119860,987
119861,1071
119862,1068
119863,1187
119864,951
119865,1135
119866,927
119867,1049
119868,852
119869,1011
119870,1027
119871,943
119872,964
119873,1117
119874,892
119875,791
119876,1083
119877,1026
119878,988
119879,853
119880,1188
119881,885
119882,893
119883,979
119884,824
119885,930
119886,0
119887,944
119888,850
119889,809
119890,0
119891,843
119892,914
119893,840
119894,821
119895,907
119896,910
119897,919
119898,966
119899,1083
119900,793
119901,1002
119902,954
119903,1197
119904,1008
119905,1024
119906,1012
119907,939
119908,961
119909,842
119910,885
119911,920
119912,996
119913,902
119914,1079
119915,1034
119916,934
119917,827
119918,889
119919,891
119920,902
119921,937
119922,888
119923,1083
119924,993
119925,923
119926,0
119927,816
119928,0
119929,825
119930,0
119931,0
119932,962
119933,941
119934,830
119935,1070
119936,1028
119937,828
119938,1234
119939,1090
119940,1041
119941,1039
119942,935
119943,992
119944,931
119945,860
119946,966
119947,1082
119948,1069
119949,896
119950,878
119951,1095
119952,946
119953,884
119954,907
119955,774
119956,893
119957,737
119958,887
119959,0
119960,796
119961,1093
119962,795
119963,966
119964,898
119965,1116
119966,0
119967,881
119968,1100
119969,0
119970,903
119971,882
119972,1043
119973,1084
119974,1153
119975,1150
119976,1168
119977,1110
119978,1227
119979,1155
119980,1141
119981,1135
119982,995
119983,1037
119984,992
119985,971
119986,958
119987,1052
119988,917
119989,860
119990,904
119991,889
119992,894
119993,866
119994,858
119995,887
119996,980
119997,1006
119998,0
119999,1193
120000,1205
120001,1196
120002,1105
120003,1193
120004,1073
120005,1128
120006,1116
120007,1155
120008,1118
120009,1076
120010,1077
120011,1060
120012,961
120013,959
120014,942
120015,900
120016,963
120017,940
120018,837
120019,807
120020,940
120021,1171
120022,1092
120023,1025
120024,1082
120025,1008
120026,1060
120027,1096
120028,1094
120029,1056
120030,1058
120031,1101
120032,1062
120033,1161
120034,1108
120035,1094
120036,1005
120037,1089
120038,852
120039,992
120040,986
120041,814
120042,898
120043,820
120044,990
120045,938
120046,1018
120047,949
120048,928
120049,1143
120050,1151
120051,1140
120052,1153
120053,1185
120054,1104
120055,1059
120056,1025
120057,1089
120058,1118
120059,1045
120060,1022
120061,892
120062,958
120063,863
120064,967
120065,962
120066,850
120067,898
120068,781
120069,830
120070,918
120071,924
120072,970
120073,1147
120074,947
120075,1108
120076,1053
120077,897
120078,891
120079,781
120080,858
120081,0
120082,958
120083,919
120084,898
120085,912
120086,0
120087,872
120088,1033
120089,991
120090,1051
120091,1068
120092,951
120093,995
120094,995
120095,1119
120096,1023
120097,1117
120098,1053
120099,1110
120100,977
120101,1029
120102,943
120103,941
120104,821
120105,997
120106,983
120107,0
120108,986
120109,0
120110,888
120111,876
120112,0
120113,909
120114,843
120115,862
120116,1075
120117,920
120118,999
120119,881
120120,1001
120121,933
120122,996
120123,965
120124,946
120125,926
120126,977
120127,937
120128,865
120129,999
120130,999
120131,1037
120132,1041
120133,978
120134,1036
120135,895
120136,1003
120137,854
120138,1052
120139,1013
120140,1052
120141,1048
120142,979
120143,965
120144,956
120145,1030
120146,1046
120147,1154
120148,1140
120149,1080
120150,1096
120151,998
120152,994
120153,960
120154,1024
120155,1072
120156,995
120157,1049
120158,1035
120159,1021
120160,1025
120161,996
120162,1041
120163,983
120164,1081
120165,1060
120166,966
120167,1169
120168,1167
120169,1180
120170,1190
120171,1152
120172,1023
120173,1091
120174,944
120175,1171
120176,981
120177,1040
120178,1019
120179,1045
120180,994
120181,946
120182,1084
120183,1084
120184,1046
120185,796
120186,876
120187,862
120188,1158
120189,1069
120190,1046
120191,924
120192,1025
120193,941
120194,1046
120195,999
120196,912
120197,913
120198,959
120199,941
120200,888
120201,979
120202,1044
120203,1007
120204,927
120205,999
120206,951
120207,975
120208,1002
120209,979
120210,1026
120211,1039
120212,1015
120213,906
120214,993
120215,825
120216,918
120217,1017
120218,901
120219,1087
120220,1068
120221,1037
120222,1005
120223,1067
120224,960
120225,945
120226,913
120227,1045
120228,1065
120229,1057
120230,1106
120231,1118
120232,1107
120233,1082
120234,964
120235,917
120236,1005
120237,958
120238,0
120239,894
120240,841
120241,901
120242,841
120243,884
120244,956
120245,952
120246,823
120247,937
120248,1172
120249,1026
120250,1064
120251,1148
120252,1092
120253,1148
120254,1087
120255,976
120256,983
120257,857
120258,920
120259,927
120260,1036
120261,1039
120262,1028
120263,1031
120264,980
120265,954
120266,994
120267,1006
120268,1069
120269,1102
120270,1094
120271,995
120272,898
120273,1002
120274,872
120275,915
120276,909
120277,947
120278,1004
120279,908
120280,900
120281,884
120282,1054
120283,1014
120284,1044
120285,1006
120286,1104
120287,812
120288,1082
120289,942
120290,905
120291,953
120292,951
120293,872
120294,900
120295,920
120296,993
120297,916
120298,958
120299,817
120300,896
120301,948
120302,0
120303,794
120304,914
120305,843
120306,0
120307,0
120308,1038
120309,904
120310,937
120311,854
120312,892
120313,979
120314,944
120315,876
120316,946
120317,0
120318,973
120319,909
120320,888
120321,940
120322,1042
120323,1079
120324,983
120325,0
120326,1115
120327,1032
120328,1051
120329,952
120330,1017
120331,1027
120332,1043
120333,975
120334,971
120335,947
120336,870
120337,903
120338,862
120339,1042
120340,993
120341,951
120342,924
120343,961
120344,942
120345,996
120346,973
120347,856
120348,903
120349,1039
120350,1019
120351,1069
120352,1160
120353,1094
120354,1048
120355,1013
120356,1026
120357,870
120358,917
120359,949
120360,868
120361,877
120362,853
120363,798
120364,954
120365,955
120366,890
120367,938
120368,823
120369,983
120370,1071
120371,1092
120372,1027
120373,1018
120374,1090
120375,995
120376,834
120377,901
120378,1091
120379,849
120380,831
120381,801
120382,832
120383,974
120384,960
120385,813
120386,1111
120387,1071
120388,1099
120389,1082
120390,945
120391,930
120392,934
120393,0
120394,982
120395,906
120396,892
120397,870
120398,1081
120399,970
120400,1031
120401,1084
120402,968
120403,1057
120404,1058
120405,1123
120406,965
120407,1112
120408,906
120409,846
120410,725
120411,789
120412,839
120413,853
120414,1100
120415,1115
120416,1121
120417,1104
120418,1042
120419,989
120420,900
120421,864
120422,929
120423,904
120424,1156
120425,1107
120426,1029
120427,1064
120428,954
120429,958
120430,919
120431,0
120432,911
120433,892
120434,900
120435,948
120436,1071
120437,1085
120438,996
120439,1113
120440,974
120441,924
120442,1073
120443,923
120444,931
120445,0
120446,1068
120447,1059
120448,997
120449,1017
120450,1000
120451,990
120452,846
120453,870
120454,963
120455,962
120456,908
120457,1005
120458,1149
120459,1136
120460,1045
120461,976
120462,0
120463,951
120464,920
120465,961
120466,977
120467,934
120468,1064
120469,953
120470,1034
120471,853
120472,776
120473,842
120474,899
120475,959
120476,791
120477,1066
120478,1030
120479,1043
120480,945
120481,892
120482,908
120483,811
120484,877
120485,0
120486,0
120487,1096
120488,1021
120489,1050
120490,1036
120491,967
120492,1068
120493,939
120494,967
120495,994
120496,1072
120497,1085
120498,893
120499,954
120500,1007
120501,998
120502,939
120503,906
120504,1013
120505,980
120506,999
120507,1088
120508,964
120509,1092
120510,1116
120511,997
120512,1062
120513,1034
120514,953
120515,1159
120516,1092
120517,955
120518,959
120519,802
120520,844
120521,948
120522,893
120523,1104
120524,1181
120525,1153
120526,1100
120527,1000
120528,1008
120529,1113
120530,1062
120531,1000
120532,1047
120533,878
120534,963
120535,878
120536,924
120537,830
120538,1030
120539,964
120540,877
120541,949
120542,753
120543,871
120544,866
120545,850
120546,798
120547,773
120548,938
120549,857
120550,0
120551,843
120552,1159
120553,1134
120554,933
120555,896
120556,908
120557,978
120558,813
120559,875
120560,756
120561,0
120562,834
120563,749
120564,906
120565,923
120566,0
120567,937
120568,993
120569,878
120570,976
120571,946
120572,864
120573,839
120574,0
120575,1012
120576,964
120577,836
120578,748
120579,1124
120580,958
120581,949
120582,987
120583,974
120584,0
120585,822
120586,1031
120587,1003
120588,823
120589,803
120590,0
120591,886
120592,1007
120593,929
120594,960
120595,1003
120596,877
120597,834
120598,774
120599,887
120600,1076
120601,997
120602,899
120603,896
120604,943
120605,812
120606,786
120607,1102
120608,1095
120609,1038
120610,1084
120611,981
120612,1032
120613,859
120614,0
120615,852
120616,917
120617,798
120618,1121
120619,1113
120620,1133
120621,1059
120622,989
120623,944
120624,813
120625,977
120626,851
120627,921
120628,867
120629,1081
120630,958
120631,942
120632,886
120633,750
120634,706
120635,842
120636,930
120637,959
120638,886
120639,904
120640,953
120641,905
120642,829
120643,932
120644,0
120645,977
120646,945
120647,1024
120648,1025
120649,983
120650,913
120651,1082
120652,1036
120653,995
120654,1003
120655,1042
120656,1039
120657,1054
120658,1126
120659,1031
120660,994
120661,1070
120662,1085
120663,1094
120664,997
120665,1051
120666,914
120667,895
120668,1098
120669,1040
120670,1167
120671,1048
120672,936
120673,1003
120674,1012
120675,1020
120676,999
120677,1016
120678,1021
120679,1026
120680,974
120681,955
120682,1169
120683,1061
120684,984
120685,0
120686,0
120687,1048
120688,1115
120689,1010
120690,931
120691,1005
120692,927
120693,797
120694,826
120695,932
120696,0
120697,1064
120698,1006
120699,1058
120700,1047
120701,1020
120702,1032
120703,1035
120704,1007
120705,997
120706,1055
120707,1056
120708,817
120709,998
120710,1029
120711,0
120712,970
120713,1010
120714,947
120715,841
120716,841
120717,0
120718,881
120719,0
120720,902
120721,926
120722,931
120723,950
120724,912
120725,910
120726,836
120727,936
120728,1055
120729,1013
120730,1045
120731,934
120732,884
120733,873
120734,0
120735,1042
120736,1108
120737,1130
120738,1122
120739,1072
120740,1009
120741,918
120742,901
120743,906
120744,931
120745,914
120746,1021
120747,983
120748,895
120749,885
120750,988
120751,861
120752,816
120753,839
120754,941
120755,807
120756,778
120757,947
120758,898
120759,938
120760,957
120761,979
120762,992
120763,1005
120764,868
120765,1030
120766,1106
120767,1079
120768,1007
120769,1031
120770,987
120771,1081
120772,955
120773,1091
120774,963
120775,1011
120776,983
120777,1028
120778,890
120779,873
120780,0
120781,0
120782,887
120783,938
120784,944
120785,1008
120786,937
120787,975
120788,976
120789,958
120790,910
120791,849
120792,944
120793,1006
120794,953
120795,981
120796,944
120797,922
120798,905
120799,887
120800,795
120801,931
120802,834
120803,713
120804,0
120805,757
120806,1024
120807,1042
120808,1000
120809,963
120810,1000
120811,953
120812,1015
120813,1008
120814,924
120815,899
120816,1084
120817,1032
120818,839
120819,913
120820,968
120821,912
120822,872
120823,987
120824,994
120825,903
120826,848
120827,1040
120828,935
120829,1029
120830,1015
120831,985
120832,849
120833,974
120834,1022
120835,1048
120836,983
120837,1073
120838,996
120839,920
120840,916
120841,874
120842,1058
120843,878
120844,941
120845,981
120846,973
120847,927
120848,840
120849,827
120850,877
120851,802
120852,841
120853,948
120854,897
120855,905
120856,942
120857,1126
120858,1095
120859,1096
120860,1057
120861,1041
120862,1010
120863,984
120864,877
120865,807
120866,1076
120867,1055
120868,1072
120869,1096
120870,0
120871,1008
120872,955
120873,1025
120874,961
120875,942
120876,992
120877,955
120878,0
120879,898
120880,0
120881,908
120882,0
120883,1088
120884,990
120885,970
120886,1087
120887,995
120888,1031
120889,972
120890,972
120891,932
120892,994
120893,791
120894,828
120895,874
120896,874
120897,818
120898,0
120899,0
120900,773
120901,841
120902,792
120903,790
120904,730
120905,820
120906,0
120907,1011
120908,1144
120909,980
120910,1079
120911,988
120912,0
120913,0
120914,0
120915,1056
120916,950
120917,877
120918,792
120919,862
120920,898
120921,1076
120922,1081
120923,925
120924,988
120925,908
120926,969
120927,780
120928,852
120929,966
120930,869
120931,0
120932,991
120933,1083
120934,1135
120935,1030
120936,1050
120937,1057
120938,1009
120939,893
120940,914
120941,0
120942,989
120943,891
120944,0
120945,1109
120946,1120
120947,1026
120948,889
120949,1126
120950,927
120951,983
120952,1047
120953,973
120954,932
120955,913
120956,1062
120957,990
120958,997
120959,979
120960,914
120961,1090
120962,1112
120963,959
120964,870
120965,1058
120966,989
120967,893
120968,924
120969,868
120970,866
120971,905
120972,0
120973,1020
120974,976
120975,910
120976,0
120977,886
120978,903
120979,910
120980,789
120981,927
120982,935
120983,877
120984,844
120985,840
120986,917
120987,874
120988,780
120989,762
120990,876
120991,1131
120992,1037
120993,1100
120994,1117
120995,1013
120996,927
120997,989
120998,932
120999,881
121000,848
121001,881
121002,910
121003,873
121004,913
121005,933
121006,939
121007,926
121008,955
121009,923
121010,904
121011,1057
121012,1061
121013,971
121014,972
121015,964
121016,1027
121017,1031
121018,990
121019,1078
121020,1130
121021,1088
121022,1006
121023,798
121024,1011
121025,1001
121026,1011
121027,925
121028,888
121029,897
121030,1050
121031,1007
121032,983
121033,982
121034,987
121035,900
121036,918
121037,963
121038,1123
121039,1091
121040,1052
121041,908
121042,0
121043,0
121044,1015
121045,977
121046,885
121047,1001
121048,1203
121049,859
121050,1057
121051,897
121052,941
121053,1086
121054,1122
121055,1094
121056,1068
121057,963
121058,1051
121059,834
121060,955
121061,992
121062,920
121063,1019
121064,1001
121065,953
121066,975
121067,932
121068,958
121069,976
121070,978
121071,1024
121072,1055
121073,961
121074,913
121075,950
121076,1010
121077,1037
121078,737
121079,1073
121080,1019
121081,902
121082,1053
121083,979
121084,1059
121085,1065
121086,1040
121087,1185
121088,1178
121089,1080
121090,1187
121091,1166
121092,1183
121093,1161
121094,1066
121095,1153
121096,1165
121097,1156
121098,1077
121099,1052
121100,1077
121101,1004
121102,984
121103,1025
121104,955
121105,1009
121106,937
121107,986
121108,948
121109,933
121110,964
121111,900
121112,1016
121113,1011
121114,1040
121115,1009
121116,1030
121117,1091
121118,1114
121119,962
121120,777
121121,953
121122,921
121123,941
121124,889
121125,796
121126,1011
121127,917
121128,931
121129,1009
121130,932
121131,1065
121132,1088
121133,1066
121134,1132
121135,1073
121136,1140
121137,1053
121138,1157
121139,1122
121140,1073
121141,1083
121142,1047
121143,1037
121144,1044
121145,1018
121146,1004
121147,1056
121148,1126
121149,1058
121150,1034
121151,1051
121152,1022
121153,1018
121154,1032
121155,1042
121156,1037
121157,977
121158,955
121159,1036
121160,1050
121161,893
121162,968
121163,891
121164,938
121165,905
121166,909
121167,901
121168,890
121169,836
121170,932
121171,909
121172,885
121173,857
121174,890
121175,860
121176,897
121177,811
121178,683
121179,923
121180,1058
121181,1019
121182,1058
121183,973
121184,972
121185,1031
121186,942
121187,843
121188,998
121189,944
121190,1016
121191,988
121192,962
121193,1029
121194,878
121195,1055
121196,955
121197,859
121198,921
121199,0
121200,903
121201,825
121202,1141
121203,848
121204,1078
121205,1103
121206,991
121207,1007
121208,910
121209,1089
121210,929
121211,899
121212,872
121213,911
121214,1102
121215,1155
121216,1110
121217,1078
121218,1003
121219,993
121220,1120
121221,1081
121222,1089
121223,1029
121224,950
121225,1062
121226,1041
121227,1072
121228,1106
121229,0
121230,974
121231,1030
121232,1109
121233,1022
121234,840
121235,969
121236,1001
121237,877
121238,987
121239,958
121240,1146
121241,1033
121242,959
121243,875
121244,1011
121245,1152
121246,937
121247,1142
121248,997
121249,1146
121250,1091
121251,872
121252,1116
121253,1054
121254,938
121255,973
121256,1091
121257,1091
121258,1079
121259,985
121260,957
121261,974
121262,1040
121263,1036
121264,998
121265,1131
121266,927
121267,1112
121268,1140
121269,1085
121270,988
121271,1210
121272,1210
121273,1102
121274,1217
121275,1214
121276,1203
121277,1171
121278,1201
121279,1182
121280,1119
121281,1184
121282,1155
121283,1053
121284,960
121285,1043
121286,959
121287,1042
121288,1114
121289,1072
121290,998
121291,1134
121292,1121
121293,978
121294,1008
121295,955
121296,1021
121297,1000
121298,977
121299,941
121300,927
121301,1132
121302,1123
121303,1043
121304,1017
121305,960
121306,1114
121307,1179
121308,1042
121309,1025
121310,1049
121311,1117
121312,1054
121313,1010
121314,885
121315,1147
121316,1131
121317,1108
121318,1183
121319,1180
121320,1151
121321,1142
121322,1199
121323,1231
121324,1217
121325,1182
121326,1136
121327,1160
121328,1208
121329,1202
121330,1156
121331,1133
121332,1161
121333,1237
121334,1232
121335,1198
121336,1168
121337,1203
121338,1171
121339,1125
121340,1138
121341,0
121342,1167
121343,1170
121344,1111
121345,1060
121346,1164
121347,1154
121348,1027
121349,1184
121350,1071
121351,1051
121352,1054
121353,1134
121354,1151
121355,1229
121356,1132
121357,1127
121358,1204
121359,1133
121360,1132
121361,1060
121362,1164
121363,1207
121364,1157
121365,1143
121366,1149
121367,1127
121368,1193
121369,1052
121370,1055
121371,1163
121372,1105
121373,1021
121374,1191
121375,1202
121376,1142
121377,1111
121378,1113
121379,1142
121380,1031
121381,1135
121382,1104
121383,1201
121384,1028
121385,1193
121386,986
121387,1142
121388,1081
121389,1100
121390,1233
121391,1202
121392,1202
121393,1021
121394,1108
121395,1142
121396,1063
121397,1118
121398,1122
121399,1157
121400,1028
121401,1086
121402,1224
121403,1061
121404,1135
121405,1170
121406,1120
121407,1057
121408,1104
121409,1048
121410,1148
121411,1084
121412,1042
121413,1144
121414,1180
121415,1169
121416,1008
121417,1066
121418,1148
121419,1092
121420,1116
121421,1101
121422,1059
121423,1072
121424,1031
121425,1042
121426,929
121427,1119
121428,956
121429,1016
121430,1071
121431,1043
121432,1066
121433,1120
121434,1091
121435,1082
121436,1099
121437,853
121438,990
121439,1065
121440,1200
121441,1200
121442,986
121443,0
121444,865
121445,921
121446,1119
121447,936
121448,998
121449,1180
121450,1081
121451,1125
121452,1107
121453,1037
121454,1112
121455,1029
121456,1029
121457,955
121458,1074
121459,1037
121460,1053
121461,1085
121462,1057
121463,1005
121464,1139
121465,986
121466,1046
121467,1109
121468,1057
121469,1092
121470,1173
121471,1029
121472,986
121473,1057
121474,1142
121475,1055
121476,1132
121477,1094
121478,951
121479,923
121480,1113
121481,1073
121482,1023
121483,1043
121484,978
121485,842
121486,1115
121487,1113
121488,1013
121489,1149
121490,1112
121491,1161
121492,1111
121493,985
121494,1076
121495,1054
121496,1010
121497,902
121498,1044
121499,1061
121500,1121
121501,1015
121502,1114
121503,1109
121504,993
121505,929
121506,1171
121507,1079
121508,970
121509,1145
121510,935
121511,951
121512,976
121513,1013
121514,998
121515,908
121516,1038
121517,1149
121518,1015
121519,1058
121520,1015
121521,829
121522,909
121523,1181
121524,1098
121525,1041
121526,1039
121527,958
121528,1020
121529,868
121530,0
121531,894
121532,947
121533,994
121534,1047
121535,1009
121536,974
121537,973
121538,1062
121539,1019
121540,1022
121541,935
121542,944
121543,0
121544,1025
121545,926
121546,882
121547,817
121548,1091
121549,867
121550,1084
121551,976
121552,957
121553,903
121554,980
121555,772
121556,807
121557,1011
121558,950
121559,1025
121560,1008
121561,949
121562,925
121563,985
121564,980
121565,1029
121566,922
121567,982
121568,965
121569,957
121570,996
121571,925
121572,1077
121573,1027
121574,1015
121575,885
121576,803
121577,846
121578,1077
121579,1069
121580,901
121581,1092
121582,966
121583,879
121584,1080
121585,1030
121586,1058
121587,868
121588,1029
121589,830
121590,915
121591,959
121592,1081
121593,1078
121594,866
121595,1150
121596,1060
121597,1064
121598,950
121599,874
121600,967
121601,1007
121602,1025
121603,1051
121604,952
121605,1137
121606,925
121607,1078
121608,924
121609,990
121610,982
121611,1104
121612,1032
121613,972
121614,1068
121615,1153
121616,1124
121617,965
121618,1105
121619,1019
121620,1022
121621,999
121622,1127
121623,943
121624,911
121625,1147
121626,1115
121627,1052
121628,916
121629,980
121630,959
121631,878
121632,940
121633,1036
121634,1009
121635,1084
121636,998
121637,1003
121638,1019
121639,1098
121640,1108
121641,1009
121642,1155
121643,1155
121644,1171
121645,936
121646,1104
121647,1132
121648,965
121649,879
121650,912
121651,990
121652,1078
121653,1227
121654,1097
121655,1171
121656,979
121657,1123
121658,1102
121659,978
121660,1008
121661,1113
121662,1049
121663,1084
121664,755
121665,1092
121666,1004
121667,859
121668,825
121669,857
121670,0
121671,1071
121672,755
121673,848
121674,1002
121675,1054
121676,1043
121677,1181
121678,865
121679,1004
121680,1033
121681,1006
121682,1121
121683,1110
121684,0
121685,1092
121686,1120
121687,997
121688,1198
121689,988
121690,1011
121691,917
121692,882
121693,952
121694,0
121695,1101
121696,1191
121697,1200
121698,1154
121699,1150
121700,923
121701,1034
121702,1034
121703,999
121704,914
121705,1087
121706,1001
121707,1024
121708,1152
121709,1202
121710,1022
121711,1135
121712,1068
121713,1149
121714,1075
121715,780
121716,905
121717,1175
121718,1210
121719,1193
121720,1208
121721,1148
121722,1132
121723,1204
121724,1178
121725,1114
121726,1069
121727,1029
121728,887
121729,1194
121730,1201
121731,1167
121732,1059
121733,1135
121734,1170
121735,1093
121736,1065
121737,1070
121738,1095
121739,874
121740,1050
121741,1178
121742,1153
121743,1181
121744,1129
121745,1095
121746,1125
121747,1069
121748,1158
121749,1024
121750,1074
121751,1111
121752,1129
121753,1071
121754,1028
121755,1155
121756,1131
121757,1114
121758,1181
121759,1189
121760,1157
121761,1071
121762,1029
121763,1103
121764,1109
121765,988
121766,1067
121767,1039
121768,943
121769,1135
121770,1152
121771,1039
121772,907
121773,1054
121774,1068
121775,1092
121776,1050
121777,923
121778,1016
121779,1032
121780,1053
121781,1038
121782,1162
121783,1148
121784,1152
121785,975
121786,955
121787,1107
121788,1137
121789,985
121790,955
121791,1123
121792,1074
121793,1155
121794,1208
121795,969
121796,1141
121797,1047
121798,1059
121799,1142
121800,1071
121801,1080
121802,1007
121803,1165
121804,1093
121805,1047
121806,1074
121807,1117
121808,1168
121809,1182
121810,987
121811,1034
121812,910
121813,1067
121814,959
121815,0
121816,1145
121817,986
121818,994
121819,1076
121820,1060
121821,1069
121822,1084
121823,979
121824,1023
121825,1054
121826,959
121827,1106
121828,1022
121829,957
121830,1156
121831,1205
121832,1012
121833,991
121834,891
121835,894
121836,975
121837,1004
121838,991
121839,1054
121840,930
121841,1007
121842,1006
121843,911
121844,884
121845,1182
121846,1091
121847,1059
121848,1075
121849,1145
121850,1052
121851,833
121852,1078
121853,1086
121854,1039
121855,1160
121856,1158
121857,977
121858,959
121859,1094
121860,1099
121861,945
121862,874
121863,1124
121864,1035
121865,1043
121866,918
121867,1023
121868,1068
121869,1030
121870,937
121871,916
121872,894
121873,1071
121874,1077
121875,1081
121876,977
121877,856
121878,835
121879,935
121880,1086
121881,1074
121882,1016
121883,886
121884,0
121885,1029
121886,993
121887,1029
121888,986
121889,992
121890,983
121891,0
121892,1055
121893,869
121894,874
121895,995
121896,1090
121897,997
121898,0
121899,948
121900,918
121901,1075
121902,964
121903,1126
121904,1017
121905,1073
121906,950
121907,853
121908,1113
121909,1161
121910,1221
121911,1039
121912,1029
121913,1137
121914,1137
121915,940
121916,1049
121917,1018
121918,1053
121919,1081
121920,1074
121921,897
121922,1078
121923,950
121924,986
121925,922
121926,952
121927,1046
121928,954
121929,909
121930,1079
121931,956
121932,1143
121933,972
121934,1057
121935,1146
121936,1192
121937,859
121938,1011
121939,1150
121940,990
121941,1020
121942,896
121943,1000
121944,1124
121945,1060
121946,1093
121947,1112
121948,1195
121949,1103
121950,1108
121951,1236
121952,1200
121953,1238
121954,1217
121955,1207
121956,1225
121957,1208
121958,1128
121959,1194
121960,1201
121961,1216
121962,1203
121963,1241
121964,1233
121965,1139
121966,1217
121967,1145
121968,1226
121969,1219
121970,1194
121971,1173
121972,1198
121973,1183
121974,1233
121975,1196
121976,1192
121977,1211
121978,1106
121979,1223
121980,1210
121981,1185
121982,1218
121983,1170
121984,1205
121985,1219
121986,1202
121987,1176
121988,1203
121989,1181
121990,1146
121991,1109
121992,1148
121993,1191
121994,1197
121995,1206
121996,1179
121997,1186
121998,1195
121999,1165
122000,1142
122001,1162
122002,1144
122003,1186
122004,1226
122005,1218
122006,1161
122007,1197
122008,1208
122009,1198
122010,1048
122011,1113
122012,1094
122013,1126
122014,1185
122015,1103
122016,1140
122017,1070
122018,1055
122019,1142
122020,1009
122021,1217
122022,1173
122023,1208
122024,1160
122025,1178
122026,1082
122027,1110
122028,1141
122029,1104
122030,1112
122031,1095
122032,1031
122033,1060
122034,1151
122035,1191
122036,1142
122037,1217
122038,1241
122039,1211
122040,1179
122041,1134
122042,1198
122043,1222
122044,1211
122045,1148
122046,1197
122047,1143
122048,1149
122049,1171
122050,1174
122051,1168
122052,1141
122053,1204
122054,1210
122055,1188
122056,1044
122057,1122
122058,1194
122059,1079
122060,1133
122061,1223
122062,1200
122063,1171
122064,1196
122065,1167
122066,1197
122067,1158
122068,1169
122069,1199
122070,966
122071,1124
122072,1153
122073,1159
122074,1093
122075,1153
122076,1151
122077,955
122078,1153
122079,1165
122080,1039
122081,1147
122082,1210
122083,1054
122084,1053
122085,1147
122086,1195
122087,1132
122088,1149
122089,1170
122090,1140
122091,1146
122092,1188
122093,1138
122094,1145
122095,1138
122096,1203
122097,1166
122098,1148
122099,1169
122100,1183
122101,1172
122102,1043
122103,1107
122104,1189
122105,1223
122106,1164
122107,1064
122108,1095
122109,1143
122110,1071
122111,1025
122112,1116
122113,1138
122114,1137
122115,1130
122116,1128
122117,1029
122118,1026
122119,1051
122120,1131
122121,1164
122122,1119
122123,1088
122124,1176
122125,1117
122126,1047
122127,1162
122128,1030
122129,1068
122130,1124
122131,1183
122132,1062
122133,1094
122134,1133
122135,1185
122136,1117
122137,1149
122138,1219
122139,1088
122140,1228
122141,1162
122142,1201
122143,1163
122144,1146
122145,1098
122146,1204
122147,1141
122148,1208
122149,1187
122150,1059
122151,1179
122152,1017
122153,1180
122154,0
122155,1067
122156,1078
122157,1081
122158,1100
122159,1103
122160,1132
122161,1161
122162,1129
122163,1088
122164,1127
122165,1068
122166,1109
122167,1137
122168,1155
122169,1179
122170,1134
122171,1174
122172,1140
122173,1054
122174,1078
122175,969
122176,1067
122177,964
122178,1094
122179,1136
122180,1135
122181,1075
122182,1048
122183,1120
122184,993
122185,1038
122186,1181
122187,1086
122188,1048
122189,1081
122190,1105
122191,1032
122192,1021
122193,1139
122194,1090
122195,1185
122196,1145
122197,1084
122198,1110
122199,1065
122200,1062
122201,1139
122202,1184
122203,1129
122204,1173
122205,1195
122206,1107
122207,913
122208,1035
122209,1072
122210,1080
122211,1125
122212,1107
122213,1096
122214,1163
122215,1121
122216,1015
122217,991
122218,961
122219,965
122220,0
122221,1127
122222,913
122223,1046
122224,1101
122225,1129
122226,1164
122227,0
122228,925
122229,1165
122230,1101
122231,1070
122232,1074
122233,0
122234,988
122235,978
122236,999
122237,1033
122238,1025
122239,1013
122240,904
122241,976
122242,1055
122243,0
122244,957
122245,0
122246,1035
122247,965
122248,932
122249,871
122250,878
122251,0
122252,884
122253,787
122254,1083
122255,1126
122256,1171
122257,1126
122258,987
122259,875
122260,949
122261,997
122262,910
122263,954
122264,891
122265,0
122266,895
122267,865
122268,947
122269,949
122270,1130
122271,1096
122272,1131
122273,892
122274,956
122275,1051
122276,995
122277,937
122278,1012
122279,997
122280,1061
122281,1041
122282,934
122283,955
122284,1061
122285,1151
122286,821
122287,1123
122288,1155
122289,1005
122290,986
122291,1081
122292,1040
122293,1023
122294,1001
122295,1066
122296,930
122297,941
122298,879
122299,993
122300,941
122301,968
122302,972
122303,900
122304,850
122305,832
122306,838
122307,920
122308,862
122309,954
122310,1148
122311,995
122312,1010
122313,1090
122314,1046
122315,954
122316,1006
122317,1090
122318,1138
122319,1174
122320,1146
122321,1112
122322,1060
122323,1060
122324,1012
122325,1108
122326,1114
122327,1095
122328,1056
122329,1050
122330,1040
122331,1041
122332,1048
122333,1062
122334,931
122335,1137
122336,1171
122337,1163
122338,1162
122339,1144
122340,1131
122341,1143
122342,1134
122343,0
122344,1156
122345,1114
122346,1163
122347,1144
122348,1139
122349,1171
122350,1004
122351,983
122352,1013
122353,1090
122354,1041
122355,1067
122356,1043
122357,1116
122358,1146
122359,1118
122360,1135
122361,1090
122362,1121
122363,962
122364,956
122365,1014
122366,1035
122367,1024
122368,940
122369,966
122370,925
122371,1020
122372,943
122373,987
122374,920
122375,861
122376,903
122377,1027
122378,907
122379,1001
122380,801
122381,812
122382,869
122383,868
122384,940
122385,838
122386,875
122387,930
122388,1099
122389,1030
122390,1110
122391,1181
122392,1036
122393,1144
122394,1234
122395,1193
122396,1194
122397,1178
122398,1214
122399,1186
122400,1156
122401,1229
122402,1230
122403,1220
122404,1161
122405,1124
122406,1189
122407,1157
122408,1169
122409,1151
122410,1146
122411,1135
122412,1154
122413,1154
122414,1137
122415,1090
122416,1150
122417,1161
122418,1180
122419,1198
122420,1074
122421,1082
122422,1173
122423,1100
122424,1103
122425,1063
122426,1157
122427,1086
122428,895
122429,995
122430,1066
122431,1062
122432,1038
122433,1117
122434,1128
122435,1134
122436,1048
122437,1092
122438,1027
122439,1149
122440,1073
122441,1095
122442,1036
122443,1018
122444,924
122445,1088
122446,1045
122447,1086
122448,1047
122449,873
122450,998
122451,950
122452,953
122453,1019
122454,975
122455,900
122456,798
122457,1126
122458,860
122459,968
122460,926
122461,927
122462,0
122463,943
122464,1053
122465,825
122466,982
122467,1049
122468,930
122469,982
122470,884
122471,922
122472,811
122473,1072
122474,724
122475,918
122476,838
122477,928
122478,956
122479,958
122480,958
122481,1033
122482,894
122483,933
122484,803
122485,938
122486,857
122487,791
122488,842
122489,0
122490,844
122491,928
122492,976
122493,845
122494,1004
122495,936
122496,826
122497,775
122498,941
122499,966
122500,999
122501,940
122502,934
122503,997
122504,888
122505,975
122506,856
122507,885
122508,946
122509,923
122510,863
122511,759
122512,1036
122513,841
122514,840
122515,1103
122516,968
122517,949
122518,983
122519,929
122520,0
122521,974
122522,925
122523,879
122524,907
122525,948
122526,1014
122527,979
122528,944
122529,908
122530,917
122531,891
122532,870
122533,942
122534,923
122535,949
122536,891
122537,869
122538,947
122539,864
122540,738
122541,890
122542,895
122543,837
122544,930
122545,844
122546,1038
122547,1031
122548,1073
122549,988
122550,1035
122551,1011
122552,907
122553,898
122554,843
122555,922
122556,944
122557,904
122558,1006
122559,935
122560,913
122561,930
122562,991
122563,1132
122564,1078
122565,1150
122566,1097
122567,1096
122568,1024
122569,1053
122570,1042
122571,952
122572,1197
122573,785
122574,850
122575,990
122576,1025
122577,1013
122578,1029
122579,915
122580,956
122581,936
122582,981
122583,995
122584,938
122585,981
122586,998
122587,804
122588,917
122589,802
122590,1036
122591,1050
122592,993
122593,929
122594,889
122595,904
122596,794
122597,811
122598,778
122599,952
122600,948
122601,811
122602,841
122603,936
122604,808
122605,777
122606,882
122607,812
122608,838
122609,1014
122610,1010
122611,995
122612,897
122613,896
122614,821
122615,0
122616,975
122617,1057
122618,883
122619,808
122620,881
122621,763
122622,768
122623,0
122624,998
122625,929
122626,752
122627,818
122628,897
122629,863
122630,1201
122631,1166
122632,1070
122633,945
122634,1155
122635,1155
122636,1077
122637,1155
122638,1057
122639,1092
122640,1149
122641,1089
122642,1097
122643,1142
122644,1007
122645,1136
122646,1094
122647,993
122648,930
122649,888
122650,985
122651,932
122652,978
122653,941
122654,909
122655,898
122656,1009
122657,912
122658,907
122659,954
122660,947
122661,741
122662,991
122663,881
122664,933
122665,802
122666,865
122667,928
122668,907
122669,937
122670,926
122671,1040
122672,0
122673,800
122674,847
122675,868
122676,873
122677,925
122678,1030
122679,829
122680,1126
122681,1172
122682,1040
122683,944
122684,1120
122685,1032
122686,978
122687,1049
122688,1058
122689,999
122690,1183
122691,1066
122692,1041
122693,1117
122694,930
122695,1016
122696,990
122697,1004
122698,985
122699,853
122700,912
122701,946
122702,944
122703,953
122704,903
122705,1023
122706,886
122707,972
122708,886
122709,928
122710,949
122711,971
122712,960
122713,965
122714,953
122715,893
122716,989
122717,895
